{
	"config": {
		"WP_DEBUG": true,
		"SCRIPT_DEBUG": true,
		"WP_DEBUG_LOG": "/tmp/wp-errors.log",
		"JETPACK_DEV_DEBUG": true,
		"WPORG_SANDBOXED": true
	},
	"core": "WordPress/WordPress#master",
	"phpVersion": "7.4",
	"plugins": [
		"./source/wp-content/plugins/gutenberg",
		"./source/wp-content/plugins/handbook",
		"./source/wp-content/plugins/wporg-markdown",
		"./source/wp-content/plugins/code-syntax-block",
		"./source/wp-content/plugins/posts-to-posts",
		"./source/wp-content/plugins/wordpress-importer",
		"./source/wp-content/plugins/jetpack"
	],
	"themes": [
		"./source/wp-content/themes/wporg-developer-2023",
		"./source/wp-content/themes/wporg-parent-2021"
	],
	"mappings": {
		"env": "./env",
		".htaccess": "./env/.htaccess",
		"wp-content/mu-plugins": "./source/wp-content/mu-plugins",
		"wp-content/mu-plugins/0-sandbox.php": "./env/0-sandbox.php",
		"wp-content/plugins/phpdoc-parser": "./source/wp-content/plugins/phpdoc-parser"
	}
}
