{
	"config": {
		"WP_DEBUG": true,
		"SCRIPT_DEBUG": true,
		"WP_DEBUG_LOG": "/tmp/wp-errors.log",
		"FS_METHOD": "direct",
		"WP_ENVIRONMENT_TYPE": "local",
		"JETPACK_DEV_DEBUG": true,
		"WPORG_SANDBOXED": true
	},
	"core": "WordPress/WordPress#master",
	"port": 8898,
	"plugins": [
		"./source/wp-content/plugins/gutenberg",
		"./source/wp-content/plugins/jetpack",
		"./source/wp-content/plugins/wordpress-importer"
	],
	"themes": [ "./source/wp-content/themes/wporg-parent-2021", "./source/wp-content/themes/wporg-child-2021" ],
	"mappings": {
		"env": "./env",
		"wp-content/mu-plugins": "./source/wp-content/mu-plugins",
		"wp-content/mu-plugins/0-sandbox.php": "./env/0-sandbox.php"
	},
	"env": {
		"tests": {
			"port": 8899
		}
	}
}
